mean,std,min,max,median,dark_ratio,bright_ratio,edge_count,edge_density,label
122.26397705078125,33.070752030262774,27,247,121.0,0.005859375,0.01446533203125,5580,0.340576171875,1
131.565185546875,25.482183935253737,13,252,133.0,0.00341796875,0.00445556640625,4579,0.27947998046875,1
121.07635498046875,31.13048971879179,4,237,120.0,0.01422119140625,0.010498046875,4303,0.26263427734375,1
130.30914306640625,27.28267642673459,8,251,131.0,0.002197265625,0.006591796875,5507,0.33612060546875,1
130.9932861328125,27.63956203513905,20,252,132.0,0.00335693359375,0.00775146484375,5218,0.3184814453125,1
136.0408935546875,28.33828696977373,1,252,138.0,0.00726318359375,0.00982666015625,5002,0.3052978515625,1
129.529052734375,24.374679699040414,17,251,132.0,0.00225830078125,0.0064697265625,4379,0.26727294921875,1
123.3048095703125,23.995655659721166,11,251,125.0,0.0028076171875,0.00616455078125,4234,0.2584228515625,1
125.0224609375,22.25990021576156,18,249,127.0,0.001953125,0.00421142578125,3641,0.22222900390625,1
128.8834228515625,30.737259708338303,11,251,131.0,0.01019287109375,0.00714111328125,4806,0.2933349609375,1
125.1038818359375,26.79512019709302,18,251,126.0,0.00543212890625,0.00396728515625,4423,0.26995849609375,1
125.27789306640625,24.893265505623948,11,250,126.0,0.00506591796875,0.0028076171875,3647,0.22259521484375,1
126.513916015625,24.69688659956345,27,247,128.0,0.003173828125,0.00360107421875,4486,0.2738037109375,1
122.79595947265625,27.450102205921656,9,252,123.0,0.0076904296875,0.00543212890625,4665,0.28472900390625,1
120.2645263671875,23.285074065558877,17,249,119.0,0.00103759765625,0.00341796875,2521,0.15386962890625,1
129.256103515625,27.408242459874813,19,249,130.0,0.0029296875,0.00408935546875,5434,0.3316650390625,1
130.12176513671875,29.300120735364704,7,252,132.0,0.00860595703125,0.00604248046875,5296,0.3232421875,1
123.40814208984375,25.3580798077931,25,252,123.0,0.001953125,0.00823974609375,3606,0.2200927734375,1
126.1427001953125,25.068512525636773,26,248,126.0,0.00250244140625,0.0030517578125,4562,0.2784423828125,1
124.78314208984375,24.502461840007452,17,249,125.0,0.00274658203125,0.00262451171875,3749,0.22882080078125,1
128.03338623046875,24.32664316112113,19,247,129.0,0.00201416015625,0.0020751953125,4030,0.2459716796875,1
129.48095703125,21.111378713704752,8,233,132.0,0.00189208984375,0.001953125,3348,0.204345703125,1
130.8656005859375,19.028292906567437,22,245,133.0,0.0009765625,0.00128173828125,1824,0.111328125,1
125.5467529296875,21.449059308469757,14,249,127.0,0.0020751953125,0.00616455078125,1770,0.1080322265625,1
126.304931640625,18.512342406676844,38,249,126.0,0.00018310546875,0.002197265625,2671,0.16302490234375,1
115.20892333984375,19.822235284714985,35,249,115.0,0.00067138671875,0.00213623046875,3028,0.184814453125,1
113.00732421875,18.738868963405842,15,247,113.0,0.0010986328125,0.001220703125,2463,0.15032958984375,1
116.24615478515625,20.33233145154137,32,248,117.0,0.0006103515625,0.00177001953125,3483,0.21258544921875,1
116.20843505859375,21.025310259912164,2,251,116.0,0.00457763671875,0.00372314453125,2691,0.16424560546875,1
111.67742919921875,19.98989950839741,14,253,111.0,0.003173828125,0.00311279296875,2824,0.17236328125,1
118.09112548828125,22.11101052592162,35,244,118.0,0.00128173828125,0.001708984375,3797,0.23175048828125,1
119.27618408203125,26.721654706679164,8,245,120.0,0.0072021484375,0.00335693359375,5286,0.3226318359375,1
119.85540771484375,27.677872088095565,18,243,121.0,0.0059814453125,0.00250244140625,5589,0.34112548828125,1
119.811279296875,24.18453540302717,12,249,120.0,0.00457763671875,0.00201416015625,4189,0.25567626953125,1
124.057373046875,25.180076630438247,21,249,125.0,0.00372314453125,0.0015869140625,4518,0.2757568359375,1
110.3853759765625,39.305803794340456,10,251,110.0,0.05078125,0.0054931640625,6159,0.37591552734375,1
117.60308837890625,26.07613304504733,11,248,117.0,0.00726318359375,0.00457763671875,4827,0.29461669921875,1
125.0208740234375,31.06756401782586,5,254,125.0,0.01141357421875,0.01055908203125,5167,0.31536865234375,1
132.68572998046875,33.436739571951094,4,251,137.0,0.01995849609375,0.01336669921875,4370,0.2667236328125,1
126.59552001953125,30.878001213382987,3,248,128.0,0.01324462890625,0.009033203125,4083,0.24920654296875,1
122.770751953125,36.36593373941131,2,253,125.0,0.02679443359375,0.01904296875,5391,0.32904052734375,1
113.3114013671875,28.569748753479637,7,253,113.0,0.01531982421875,0.00787353515625,4633,0.28277587890625,1
117.5057373046875,30.58632509003039,10,247,116.0,0.0126953125,0.00616455078125,5537,0.33795166015625,1
114.60955810546875,30.48374965641983,10,250,112.0,0.0106201171875,0.008544921875,5517,0.33673095703125,1
126.083251953125,34.03436736426488,2,254,127.0,0.0194091796875,0.0146484375,5689,0.34722900390625,1
118.664306640625,34.400792602034024,4,251,117.0,0.01861572265625,0.015625,5291,0.32293701171875,1
122.73553466796875,29.7593569841098,6,251,122.0,0.00970458984375,0.01019287109375,5058,0.3087158203125,1
126.119873046875,35.84666898510422,1,249,126.0,0.0164794921875,0.0224609375,5779,0.35272216796875,1
124.94720458984375,33.697562464704106,1,255,125.0,0.01519775390625,0.01483154296875,5708,0.348388671875,1
136.689208984375,32.36285615870908,2,254,137.0,0.0118408203125,0.0272216796875,5658,0.3453369140625,1
131.894775390625,31.691319913498504,1,253,132.0,0.01239013671875,0.0205078125,5682,0.3468017578125,1
130.47369384765625,29.123483419776107,2,250,130.0,0.01214599609375,0.0145263671875,5275,0.32196044921875,1
136.73162841796875,30.717552838361843,17,254,136.0,0.00579833984375,0.02899169921875,5534,0.3377685546875,1
130.055908203125,30.434685272435434,4,252,129.0,0.01116943359375,0.02008056640625,5572,0.340087890625,1
128.0596923828125,29.38994759823921,4,250,127.0,0.00836181640625,0.014892578125,5631,0.34368896484375,1
130.273681640625,30.518335864616247,7,254,129.0,0.0093994140625,0.0162353515625,5422,0.3309326171875,1
131.06744384765625,36.88379171755708,2,253,129.0,0.015625,0.0413818359375,6166,0.3763427734375,1
129.587646484375,38.20836663591368,2,252,128.0,0.0172119140625,0.04156494140625,6127,0.37396240234375,1
134.2879638671875,32.45686119343558,8,246,134.0,0.01043701171875,0.02447509765625,5908,0.360595703125,1
133.79315185546875,29.264659362028677,16,247,134.0,0.00439453125,0.0135498046875,5797,0.35382080078125,1
132.8717041015625,34.623547748853404,4,253,132.0,0.0135498046875,0.02838134765625,6030,0.3680419921875,1
131.81982421875,36.055138744039155,4,245,132.0,0.016357421875,0.0284423828125,5963,0.36395263671875,1
125.64752197265625,29.9189328671363,11,251,123.0,0.00775146484375,0.0152587890625,5606,0.3421630859375,1
126.17352294921875,28.352938829588297,13,254,123.0,0.004150390625,0.01177978515625,5730,0.3497314453125,1
132.57537841796875,34.974407240782575,1,253,132.0,0.014892578125,0.02618408203125,6123,0.37371826171875,1
138.54608154296875,33.49383324955819,2,252,139.0,0.01318359375,0.03057861328125,5986,0.3653564453125,1
136.7159423828125,35.055116685034264,4,249,137.0,0.015380859375,0.0330810546875,6124,0.373779296875,1
140.64239501953125,38.29739598312267,1,255,141.0,0.01922607421875,0.0574951171875,6177,0.37701416015625,1
128.74151611328125,32.44076099104278,2,253,127.0,0.00787353515625,0.02447509765625,5919,0.36126708984375,1
138.76629638671875,35.85029002977236,1,252,138.0,0.015869140625,0.046142578125,6080,0.37109375,1
139.41943359375,34.66394862460849,2,250,140.0,0.01849365234375,0.03875732421875,5841,0.35650634765625,1
140.75738525390625,34.6206586134792,2,253,140.0,0.0147705078125,0.0452880859375,5952,0.36328125,1
135.58905029296875,37.590897384061904,1,249,136.0,0.019775390625,0.0438232421875,6174,0.3768310546875,1
141.99407958984375,40.18096912582062,1,252,143.0,0.02508544921875,0.06927490234375,6168,0.37646484375,1
138.5074462890625,33.92279900316348,1,246,141.0,0.01678466796875,0.0269775390625,5971,0.36444091796875,1
140.58331298828125,35.27569663115345,2,250,143.0,0.0181884765625,0.03521728515625,5951,0.36322021484375,1
139.775146484375,35.247054294001984,1,253,142.0,0.02032470703125,0.0325927734375,5849,0.35699462890625,1
143.5860595703125,34.935750054010505,1,253,143.0,0.021240234375,0.05059814453125,5809,0.35455322265625,1
140.62078857421875,38.013758495116285,0,253,143.0,0.02972412109375,0.04736328125,5768,0.35205078125,1
131.8349609375,31.51599270668047,1,252,130.0,0.01251220703125,0.0238037109375,5655,0.34515380859375,1
123.68072509765625,32.62825212122084,1,249,120.0,0.00872802734375,0.02191162109375,5871,0.35833740234375,1
123.0447998046875,31.699710569720704,2,251,119.0,0.01092529296875,0.016845703125,5888,0.359375,1
145.8021240234375,35.86656763895121,1,253,145.0,0.0196533203125,0.06024169921875,5717,0.34893798828125,1
136.39544677734375,31.652429222018366,3,249,134.0,0.01409912109375,0.0299072265625,5839,0.35638427734375,1
136.7574462890625,32.15986003366324,2,244,136.0,0.01422119140625,0.0269775390625,5681,0.34674072265625,1
130.45513916015625,32.80778893569023,4,251,128.0,0.0108642578125,0.02398681640625,5790,0.3533935546875,1
134.38861083984375,33.805115148871145,2,249,132.0,0.0120849609375,0.03497314453125,5964,0.364013671875,1
123.65399169921875,34.515854421967404,3,255,121.0,0.01409912109375,0.022705078125,6072,0.37060546875,1
120.663818359375,30.78499373601336,8,252,116.0,0.00640869140625,0.013671875,5881,0.35894775390625,1
130.06597900390625,35.123162968998464,2,250,128.0,0.0118408203125,0.0281982421875,6086,0.3714599609375,1
121.910400390625,29.056088073527075,3,249,117.0,0.0054931640625,0.01312255859375,5632,0.34375,1
135.0986328125,40.56019516378772,1,254,136.5,0.02740478515625,0.05120849609375,6294,0.3841552734375,1
130.39276123046875,48.733117307459,1,253,131.0,0.0589599609375,0.08251953125,6287,0.38372802734375,1
141.5650634765625,40.04350405420747,1,253,143.0,0.0272216796875,0.0614013671875,6180,0.377197265625,1
143.56610107421875,37.95871975003964,1,254,146.0,0.02337646484375,0.0538330078125,5948,0.363037109375,1
144.3790283203125,40.55159100263393,0,254,148.0,0.0302734375,0.06268310546875,5982,0.3651123046875,1
131.87310791015625,31.462262698050324,3,252,131.0,0.00665283203125,0.0157470703125,5840,0.3564453125,1
132.3243408203125,26.597353573142932,33,248,132.0,0.0010986328125,0.005859375,5665,0.34576416015625,1
129.53900146484375,29.38416483326079,20,253,129.0,0.0025634765625,0.0030517578125,5916,0.361083984375,1
134.18524169921875,29.50685664928517,22,252,135.0,0.001953125,0.00628662109375,5733,0.34991455078125,1
134.18524169921875,29.50685664928517,22,252,135.0,0.001953125,0.00628662109375,5733,0.34991455078125,1
172.397216796875,24.052497557180114,82,247,173.0,0.0,0.12847900390625,5197,0.31719970703125,1
127.62127685546875,19.46518361020556,65,231,127.0,0.0,0.00140380859375,4387,0.26776123046875,1
128.2174072265625,18.651671855468837,64,229,127.0,0.0,0.00164794921875,3377,0.20611572265625,1
129.09967041015625,22.399719888053188,48,235,128.0,6.103515625e-05,0.00177001953125,5261,0.32110595703125,1
149.24383544921875,33.50115224866972,62,248,148.0,0.0,0.07464599609375,5856,0.357421875,1
151.26171875,35.38318056878276,60,249,151.0,0.0,0.09112548828125,5942,0.3626708984375,1
154.70501708984375,32.60424364012198,66,250,155.0,0.0,0.0869140625,5666,0.3458251953125,1
152.908203125,36.91452788851806,54,253,154.0,0.0,0.10443115234375,6062,0.3699951171875,1
149.17291259765625,34.29142106639944,57,248,149.0,0.0,0.07281494140625,5952,0.36328125,1
136.873779296875,45.41963155551562,29,253,137.0,0.01953125,0.08831787109375,5947,0.36297607421875,1
137.31536865234375,43.51654193531065,30,253,137.0,0.0150146484375,0.08001708984375,5868,0.358154296875,1
130.32196044921875,47.701911180147384,25,253,130.0,0.04241943359375,0.0767822265625,6132,0.374267578125,1
133.31744384765625,16.124765272312615,68,246,133.0,0.0,0.0003662109375,1621,0.09893798828125,1
183.010986328125,16.34673360684312,105,252,183.0,0.0,0.13348388671875,1899,0.11590576171875,1
172.05133056640625,28.435574530231644,61,253,173.0,0.0,0.158447265625,5303,0.32366943359375,1
168.27581787109375,29.265608919343435,53,254,170.0,0.0,0.13177490234375,5784,0.35302734375,1
123.3094482421875,56.364362421306666,20,253,125.0,0.13470458984375,0.09307861328125,6114,0.3731689453125,1
128.40374755859375,55.60316032918024,24,250,133.0,0.11181640625,0.09930419921875,6049,0.36920166015625,1
131.11785888671875,53.87745121495207,18,254,138.0,0.10137939453125,0.09088134765625,6049,0.36920166015625,1
148.92559814453125,44.79167020479362,32,252,153.0,0.00341796875,0.13006591796875,5793,0.35357666015625,1
146.15802001953125,42.44245579133244,40,253,149.0,0.0018310546875,0.103271484375,6076,0.370849609375,1
150.9093017578125,41.97216399229436,44,253,153.0,0.0013427734375,0.12225341796875,6060,0.369873046875,1
147.74896240234375,42.36686298565964,42,254,150.0,0.001708984375,0.10986328125,5966,0.3641357421875,1
144.47430419921875,44.431120420220495,26,254,145.0,0.0067138671875,0.11309814453125,6008,0.36669921875,1
140.88177490234375,43.33843103262107,34,255,141.0,0.00732421875,0.09307861328125,5876,0.358642578125,1
139.6341552734375,47.78394976246388,19,252,142.0,0.0299072265625,0.1055908203125,6010,0.3668212890625,1
145.8026123046875,44.35070558569843,33,253,148.0,0.00714111328125,0.11761474609375,5925,0.36163330078125,1
145.47406005859375,46.858423485361755,34,252,149.0,0.012939453125,0.12548828125,6026,0.3677978515625,1
128.400146484375,50.48198394579538,16,249,131.0,0.079345703125,0.07464599609375,6212,0.379150390625,1
143.220458984375,47.688030964281495,23,253,146.0,0.02490234375,0.12213134765625,6207,0.37884521484375,1
134.23114013671875,48.63085254101663,18,252,136.0,0.04119873046875,0.08966064453125,6199,0.37835693359375,1
153.76837158203125,42.61605676358115,46,252,157.0,0.0003662109375,0.1397705078125,6203,0.37860107421875,1
150.084228515625,44.13086297241385,44,250,154.0,0.00091552734375,0.13201904296875,6137,0.37457275390625,1
154.50042724609375,43.73560309785479,45,254,159.0,0.00048828125,0.1593017578125,6038,0.3685302734375,1
146.12615966796875,44.74180228081826,39,254,148.5,0.0020751953125,0.1226806640625,5960,0.36376953125,1
124.837890625,44.552030127922194,36,254,114.0,0.0018310546875,0.07855224609375,5287,0.32269287109375,1
154.4200439453125,39.68309927124526,48,252,158.0,0.0001220703125,0.12255859375,6334,0.3865966796875,1
151.9344482421875,41.12168548856154,32,251,156.0,0.00048828125,0.1220703125,6172,0.376708984375,1
154.65032958984375,41.504060285170205,34,254,158.0,0.0001220703125,0.1473388671875,6179,0.37713623046875,1
131.16094970703125,22.452027547475257,44,221,131.0,0.00030517578125,0.0006103515625,4606,0.2811279296875,1
170.70172119140625,27.114556546714905,40,251,171.0,6.103515625e-05,0.143798828125,5485,0.33477783203125,1
172.7763671875,24.933476689975436,65,244,173.0,0.0,0.14251708984375,4781,0.29180908203125,1
173.33709716796875,27.58567222810949,55,246,175.0,0.0,0.16778564453125,5425,0.33111572265625,1
170.72052001953125,26.62295196097342,57,245,171.0,0.0,0.13714599609375,5346,0.3262939453125,1
172.84320068359375,25.306698050525444,65,240,174.0,0.0,0.1373291015625,5147,0.31414794921875,1
164.38812255859375,38.74700162341974,39,245,171.0,0.000732421875,0.18182373046875,5407,0.33001708984375,1
169.01800537109375,20.04065339752126,67,250,170.0,0.0,0.0499267578125,4248,0.25927734375,1
170.4500732421875,26.917380238079527,62,250,172.0,0.0,0.137451171875,5659,0.34539794921875,1
171.5657958984375,27.006865663568984,58,243,173.0,0.0,0.15252685546875,5568,0.33984375,1
170.69781494140625,27.6019847231174,51,248,172.0,0.0,0.14715576171875,5758,0.3514404296875,1
169.75213623046875,29.090678989654016,58,245,171.0,0.0,0.15521240234375,5911,0.36077880859375,1
134.88330078125,18.89506201622611,51,250,135.0,0.0,0.00274658203125,3594,0.2193603515625,1
177.46124267578125,24.11432045475923,71,253,179.0,0.0,0.16229248046875,5386,0.3287353515625,1
176.8897705078125,24.771850712861607,70,252,178.0,0.0,0.16552734375,5535,0.33782958984375,1
180.5537109375,21.60635646168172,72,251,182.0,0.0,0.17138671875,4624,0.2822265625,1
189.57763671875,18.94385665490997,92,253,190.0,0.0,0.28033447265625,4013,0.24493408203125,1
181.16680908203125,23.472953797595608,72,254,182.0,0.0,0.19586181640625,5211,0.31805419921875,1
187.54693603515625,20.68938799298396,93,254,189.0,0.0,0.26568603515625,4410,0.2691650390625,1
181.84820556640625,23.108103898289638,84,253,183.0,0.0,0.20745849609375,5353,0.32672119140625,1
180.77703857421875,24.912800221227037,67,253,183.0,0.0,0.2216796875,5714,0.3487548828125,1
181.8524169921875,25.629978965946645,77,253,183.0,0.0,0.241943359375,5755,0.35125732421875,1
183.543701171875,25.165143893105434,78,254,185.0,0.0,0.26348876953125,5657,0.34527587890625,1
175.7091064453125,24.12868535813164,75,253,177.0,0.0,0.1519775390625,5633,0.34381103515625,1
172.079833984375,25.903787363571496,76,253,173.0,0.0,0.1334228515625,5806,0.3543701171875,1
183.27294921875,22.800833611348978,84,254,184.0,0.0,0.22979736328125,5402,0.3297119140625,1
171.8248291015625,25.071413212438596,61,249,172.0,0.0,0.12725830078125,5509,0.33624267578125,1
177.51715087890625,23.97810786987221,69,252,178.0,0.0,0.17095947265625,5225,0.31890869140625,1
185.27630615234375,19.532697074593493,98,253,187.0,0.0,0.21795654296875,3656,0.22314453125,1
181.446533203125,23.98479127677984,92,253,183.0,0.0,0.2188720703125,5426,0.3311767578125,1
132.599853515625,19.615080469232847,54,251,131.0,0.0,0.0037841796875,3029,0.18487548828125,1
175.5560302734375,21.273049545743223,65,253,174.0,0.0,0.12164306640625,4122,0.2515869140625,1
170.50738525390625,22.1460124697334,82,252,169.0,0.0,0.09674072265625,4361,0.26617431640625,1
174.81329345703125,25.29176893231089,70,254,174.0,0.0,0.14837646484375,4942,0.3016357421875,1
169.03619384765625,27.519364117493215,62,253,168.0,0.0,0.13031005859375,5391,0.32904052734375,1
169.0906982421875,25.17163400724095,48,252,169.0,6.103515625e-05,0.10516357421875,5337,0.32574462890625,1
170.55999755859375,26.02972241728843,48,253,170.0,6.103515625e-05,0.12359619140625,5310,0.3240966796875,1
167.23907470703125,29.641908397084972,40,254,167.0,0.00030517578125,0.1334228515625,5778,0.3526611328125,1
171.31512451171875,30.38776297190442,39,254,171.0,0.00042724609375,0.16986083984375,5807,0.35443115234375,1
167.5751953125,30.137574527479032,39,254,167.0,0.00079345703125,0.13848876953125,5789,0.35333251953125,1
162.193359375,35.33997603419408,31,253,163.0,0.00396728515625,0.13861083984375,6021,0.36749267578125,1
156.32659912109375,38.543341770408375,26,254,158.0,0.00958251953125,0.11962890625,6075,0.37078857421875,1
172.01251220703125,34.395113464867094,35,254,174.0,0.0018310546875,0.19439697265625,5873,0.35845947265625,1
123.9085693359375,29.512972846104798,34,250,119.0,0.00146484375,0.0213623046875,5195,0.31707763671875,1
181.58868408203125,30.04031018014847,77,255,178.0,0.0,0.2470703125,5587,0.34100341796875,1
165.20947265625,29.79092089691037,58,254,162.0,0.0,0.130126953125,5475,0.33416748046875,1
174.0523681640625,28.48226544843989,80,254,170.0,0.0,0.1749267578125,5262,0.3211669921875,1
158.9564208984375,32.35567307836594,49,253,154.0,6.103515625e-05,0.12506103515625,5654,0.3450927734375,1
162.713134765625,32.49842782160961,25,253,160.0,0.00213623046875,0.13604736328125,5748,0.350830078125,1
160.83404541015625,32.40196844594115,24,253,158.0,0.0023193359375,0.126708984375,5560,0.33935546875,1
165.96063232421875,33.63224684469984,30,254,164.0,0.0013427734375,0.16064453125,5698,0.3477783203125,1
171.7125244140625,33.06071480846815,35,254,170.0,0.00079345703125,0.1959228515625,5658,0.3453369140625,1
172.96270751953125,32.256176936820864,32,255,171.0,0.000732421875,0.19793701171875,5695,0.34759521484375,1
165.5780029296875,31.138980835233234,45,253,163.0,0.00018310546875,0.14208984375,5610,0.3424072265625,1
162.39849853515625,33.23329989433335,32,253,160.0,0.0009765625,0.1356201171875,5657,0.34527587890625,1
172.16015625,25.142785301353566,42,253,172.0,0.00042724609375,0.11724853515625,4820,0.294189453125,1
154.88238525390625,31.640280048644602,32,254,152.0,0.00299072265625,0.0897216796875,5644,0.344482421875,1
171.5343017578125,31.68883356955232,34,254,172.0,0.00146484375,0.17010498046875,5522,0.3370361328125,1
163.74102783203125,32.27588950407872,36,253,164.0,0.0008544921875,0.12237548828125,5576,0.34033203125,1
170.95465087890625,31.069348254779136,38,254,172.0,0.00054931640625,0.1600341796875,5340,0.325927734375,1
157.15924072265625,16.147924484160626,88,234,157.0,0.0,0.00439453125,1486,0.0906982421875,0
157.68304443359375,17.213341812004224,83,243,157.0,0.0,0.01776123046875,1222,0.0745849609375,0
159.7320556640625,15.65000289451935,97,251,160.0,0.0,0.00592041015625,1361,0.08306884765625,0
159.97381591796875,15.28877260645265,104,247,160.0,0.0,0.00634765625,1194,0.0728759765625,0
166.02142333984375,19.962460925855087,106,253,164.0,0.0,0.06048583984375,1122,0.0684814453125,0
167.16558837890625,19.38756485020237,102,253,166.0,0.0,0.05340576171875,1174,0.0716552734375,0
159.4305419921875,16.698894746102233,88,249,159.0,0.0,0.01617431640625,914,0.0557861328125,0
159.11517333984375,17.665020754200107,68,252,158.0,0.0,0.02471923828125,635,0.03875732421875,0
153.719482421875,15.418369546053674,93,234,154.0,0.0,0.00201416015625,874,0.0533447265625,0
152.82476806640625,15.908095402525571,86,236,153.0,0.0,0.002685546875,1173,0.07159423828125,0
153.02691650390625,15.606729806333908,92,229,153.0,0.0,0.0028076171875,1338,0.0816650390625,0
153.820556640625,15.315438247519682,93,248,154.0,0.0,0.0030517578125,1177,0.07183837890625,0
155.26373291015625,16.87137441176457,89,250,155.0,0.0,0.01287841796875,1232,0.0751953125,0
155.132568359375,16.39543181557458,91,242,155.0,0.0,0.0059814453125,1281,0.07818603515625,0
152.54510498046875,16.24103694258542,86,237,153.0,0.0,0.00347900390625,1329,0.08111572265625,0
150.01641845703125,15.921734281293368,58,228,150.0,0.0,0.0020751953125,1195,0.07293701171875,0
147.8087158203125,16.398246774477563,75,224,148.0,0.0,0.00189208984375,1460,0.089111328125,0
148.2459716796875,16.269520903603514,76,228,148.0,0.0,0.0018310546875,1388,0.084716796875,0
150.93035888671875,16.466766253214296,73,229,151.0,0.0,0.00335693359375,1458,0.0889892578125,0
150.112548828125,16.075567056834657,72,230,150.0,0.0,0.00189208984375,1508,0.092041015625,0
151.69085693359375,15.947307013243622,89,231,152.0,0.0,0.0029296875,1266,0.0772705078125,0
153.7252197265625,15.634030474809338,91,251,154.0,0.0,0.00262451171875,1084,0.066162109375,0
155.3663330078125,16.0959784358415,96,234,155.0,0.0,0.00506591796875,1163,0.07098388671875,0
156.5623779296875,15.928061408843448,100,234,156.0,0.0,0.00537109375,975,0.05950927734375,0
155.47686767578125,15.522042103648968,101,227,155.0,0.0,0.0045166015625,1169,0.07135009765625,0
156.204833984375,15.965329901356801,61,245,156.0,0.0,0.00457763671875,1111,0.06781005859375,0
156.97265625,16.675981639695486,70,245,157.0,0.0,0.01007080078125,1121,0.06842041015625,0
158.48602294921875,17.147931725270876,74,243,158.0,0.0,0.01202392578125,1598,0.0975341796875,0
167.0438232421875,23.969871091610905,103,255,164.0,0.0,0.06781005859375,1460,0.089111328125,0
158.68267822265625,15.439680790896542,99,233,158.0,0.0,0.00537109375,1141,0.06964111328125,0
162.851318359375,18.261744755201132,100,249,161.0,0.0,0.0352783203125,881,0.05377197265625,0
160.172607421875,15.975502077833147,80,235,160.0,0.0,0.00897216796875,860,0.052490234375,0
166.19586181640625,23.45629777349183,81,255,163.0,0.0,0.0745849609375,1233,0.07525634765625,0
165.94622802734375,23.973961535788945,88,255,163.0,0.0,0.0888671875,1446,0.0882568359375,0
160.9208984375,20.196002291736107,98,254,159.0,0.0,0.04376220703125,1285,0.07843017578125,0
159.11834716796875,18.305685333520433,97,252,158.0,0.0,0.0235595703125,1332,0.081298828125,0
157.26129150390625,16.868351574930347,73,248,157.0,0.0,0.0103759765625,1425,0.08697509765625,0
156.9716796875,17.18682679678574,96,233,157.0,0.0,0.00994873046875,1200,0.0732421875,0
157.84710693359375,18.690158417184794,89,255,157.0,0.0,0.01947021484375,1473,0.08990478515625,0
162.77545166015625,26.4924914815225,95,255,159.0,0.0,0.08074951171875,1578,0.0963134765625,0
155.74822998046875,16.737738283691705,95,243,156.0,0.0,0.00494384765625,1574,0.0960693359375,0
157.23052978515625,16.65240246551904,99,236,157.0,0.0,0.006103515625,1209,0.07379150390625,0
156.5589599609375,17.03831749266396,96,254,156.0,0.0,0.010009765625,1616,0.0986328125,0
166.3173828125,26.888935805201868,90,255,162.0,0.0,0.08892822265625,1402,0.0855712890625,0
157.56475830078125,16.5689795908738,83,242,158.0,0.0,0.00506591796875,1463,0.08929443359375,0
158.356201171875,18.1558990559499,92,244,158.0,0.0,0.0125732421875,1608,0.09814453125,0
158.05780029296875,15.502150381490674,96,229,158.0,0.0,0.00445556640625,1347,0.08221435546875,0
159.0113525390625,17.444918701520777,89,237,159.0,0.0,0.01202392578125,1455,0.08880615234375,0
160.23199462890625,17.69470919986932,92,248,160.0,0.0,0.02203369140625,1236,0.075439453125,0
159.84271240234375,16.649828128989945,94,246,160.0,0.0,0.01434326171875,1364,0.083251953125,0
159.10198974609375,16.938153266515595,93,250,159.0,0.0,0.01397705078125,1364,0.083251953125,0
152.982666015625,31.27196208457223,34,253,155.0,0.00115966796875,0.04681396484375,5690,0.3472900390625,0
162.01300048828125,31.76858215193646,34,252,165.0,0.0009765625,0.09130859375,5613,0.34259033203125,0
150.46173095703125,33.676270382088596,22,254,152.0,0.00299072265625,0.05279541015625,5867,0.35809326171875,0
162.89593505859375,32.075725191524334,34,252,166.0,0.00048828125,0.10125732421875,5076,0.309814453125,0
158.63006591796875,31.54582328369392,33,252,162.0,0.00042724609375,0.07183837890625,5236,0.319580078125,0
161.30828857421875,28.858537305971737,53,253,164.0,0.0,0.067138671875,5053,0.30841064453125,0
155.18133544921875,27.411543473496486,40,252,156.0,0.000244140625,0.04241943359375,4810,0.2935791015625,0
157.2513427734375,26.554846060016583,36,253,158.0,0.00030517578125,0.0467529296875,4494,0.2742919921875,0
165.59698486328125,24.42561837895014,52,251,167.0,0.0,0.0584716796875,4691,0.28631591796875,0
164.6832275390625,28.874363695860108,32,253,166.0,0.000732421875,0.088623046875,5618,0.3428955078125,0
165.302490234375,23.551220021516034,56,250,166.0,0.0,0.05487060546875,4648,0.28369140625,0
165.36151123046875,23.174390047287947,52,250,168.0,0.0,0.03985595703125,4628,0.282470703125,0
164.874755859375,26.192234384073444,36,254,168.0,6.103515625e-05,0.05963134765625,5285,0.32257080078125,0
162.71661376953125,31.715039074149814,28,251,167.0,0.00018310546875,0.0950927734375,5642,0.3443603515625,0
155.90203857421875,26.784797948046066,26,253,157.0,0.00079345703125,0.03857421875,5313,0.32427978515625,0
167.9063720703125,26.238206957004415,53,253,168.0,0.0,0.109130859375,4878,0.2977294921875,0
168.04644775390625,28.064474428187246,54,247,169.0,0.0,0.13104248046875,4720,0.2880859375,0
171.553955078125,27.653663702903717,51,248,173.0,0.0,0.15533447265625,4543,0.27728271484375,0
151.75042724609375,34.208628369819415,30,254,153.0,0.00091552734375,0.06982421875,5843,0.35662841796875,0
155.4498291015625,26.758631100071245,46,252,157.0,6.103515625e-05,0.04071044921875,5258,0.3209228515625,0
154.06390380859375,29.019958039995352,29,248,155.0,0.00054931640625,0.04547119140625,5500,0.335693359375,0
151.7540283203125,30.12110031948085,26,246,154.0,0.0018310546875,0.0380859375,4667,0.28485107421875,0
160.59857177734375,27.241519616691473,46,251,161.0,0.00018310546875,0.068359375,4645,0.28350830078125,0
172.49395751953125,21.297665122268796,64,250,173.0,0.0,0.08197021484375,3929,0.23980712890625,0
166.131591796875,21.396930407528558,72,249,166.0,0.0,0.05010986328125,3846,0.2347412109375,0
164.2269287109375,21.07972664506029,79,248,164.0,0.0,0.0413818359375,3224,0.19677734375,0
146.603515625,30.875170440821147,27,250,149.0,0.00311279296875,0.031982421875,5152,0.314453125,0
150.54901123046875,27.10895470223309,51,253,151.0,0.0,0.03778076171875,5370,0.3277587890625,0
145.8902587890625,31.17115706929239,42,247,147.0,0.0001220703125,0.02801513671875,5607,0.34222412109375,0
154.160888671875,32.06504685899644,53,253,156.0,0.0,0.06744384765625,5677,0.34649658203125,0
149.28466796875,35.526824967516696,38,252,151.0,0.00042724609375,0.06451416015625,5882,0.3590087890625,0
131.3338623046875,38.564430738545475,21,252,132.0,0.00762939453125,0.03179931640625,6038,0.3685302734375,0
149.592041015625,34.10199760080786,45,248,152.0,0.0001220703125,0.05914306640625,5745,0.35064697265625,0
145.15911865234375,34.60930285128743,39,249,147.0,0.0009765625,0.047607421875,5780,0.352783203125,0
143.7457275390625,35.09582715647059,31,249,145.0,0.00128173828125,0.04571533203125,5775,0.35247802734375,0
139.46124267578125,37.25932155570864,33,249,141.0,0.00164794921875,0.04052734375,5830,0.3558349609375,0
135.68212890625,37.876397560320406,28,253,137.0,0.00347900390625,0.03448486328125,5784,0.35302734375,0
138.44891357421875,36.76112352305219,30,253,140.0,0.00396728515625,0.03765869140625,5856,0.357421875,0
140.94171142578125,36.99321732859987,36,253,142.0,0.002197265625,0.047119140625,5821,0.35528564453125,0
146.855712890625,37.14306604277834,27,251,149.0,0.0013427734375,0.06829833984375,5748,0.350830078125,0
133.7109375,39.24606011898877,30,252,134.0,0.0074462890625,0.04241943359375,5890,0.3594970703125,0
133.27740478515625,39.488407950981525,28,252,134.0,0.00897216796875,0.038818359375,5869,0.35821533203125,0
133.99407958984375,38.64972726405016,24,252,135.0,0.00830078125,0.0361328125,5892,0.359619140625,0
140.12542724609375,38.48326103414761,25,254,141.0,0.00311279296875,0.05712890625,5879,0.35882568359375,0
132.51220703125,38.200303096342715,24,253,132.0,0.006591796875,0.036376953125,5799,0.35394287109375,0
128.6458740234375,37.66501564298724,25,252,129.0,0.0103759765625,0.02532958984375,5819,0.35516357421875,0
139.8055419921875,41.3165689012374,25,249,142.0,0.00738525390625,0.0665283203125,5899,0.36004638671875,0
148.354248046875,41.2084914442442,31,253,150.0,0.002197265625,0.10797119140625,5890,0.3594970703125,0
146.26800537109375,33.56731171537045,38,254,147.0,0.0001220703125,0.05511474609375,5796,0.353759765625,0
146.79425048828125,34.07487717572539,42,249,148.0,0.00042724609375,0.0509033203125,5718,0.3489990234375,0
145.19097900390625,34.44577003649049,39,251,146.0,0.00054931640625,0.04840087890625,5785,0.35308837890625,0
149.17974853515625,33.819125571619274,46,253,151.0,0.00018310546875,0.060302734375,5940,0.362548828125,0
146.740478515625,35.821218563588786,36,252,148.0,0.00067138671875,0.062744140625,5851,0.35711669921875,0
146.8460693359375,36.060927468951405,44,247,148.0,0.00067138671875,0.06292724609375,5811,0.35467529296875,0
147.88165283203125,35.247208310089825,42,247,149.0,0.00048828125,0.06268310546875,5835,0.35614013671875,0
149.82403564453125,35.26506051446067,44,251,151.0,0.0003662109375,0.07281494140625,5815,0.35491943359375,0
146.47100830078125,35.25925381788271,35,251,148.0,0.00103759765625,0.0562744140625,5835,0.35614013671875,0
147.201416015625,34.902846576844915,45,250,148.0,0.00054931640625,0.05670166015625,5969,0.36431884765625,0
147.7576904296875,34.384563682936054,48,253,149.0,6.103515625e-05,0.0577392578125,5835,0.35614013671875,0
150.56011962890625,34.03268547370447,45,248,152.0,6.103515625e-05,0.06964111328125,5738,0.3502197265625,0
148.50042724609375,34.61302357761668,36,250,150.0,0.00079345703125,0.059814453125,5850,0.3570556640625,0
147.37030029296875,35.3344722053814,44,249,149.0,0.000732421875,0.061279296875,5842,0.3565673828125,0
149.69451904296875,34.56884095368233,43,251,151.0,0.00030517578125,0.06488037109375,5882,0.3590087890625,0
130.830322265625,39.10569353794464,27,249,132.0,0.00860595703125,0.03155517578125,5945,0.36285400390625,0
155.47906494140625,31.251918709919984,53,251,157.0,0.0,0.06903076171875,5710,0.3485107421875,0
151.41168212890625,31.92812114234422,49,251,153.0,6.103515625e-05,0.05731201171875,5695,0.34759521484375,0
150.76806640625,31.173346076996854,41,250,152.0,6.103515625e-05,0.04852294921875,5645,0.34454345703125,0
149.52716064453125,30.996079634835695,41,250,150.0,0.0001220703125,0.04345703125,5733,0.34991455078125,0
150.69451904296875,31.591700280290947,49,254,151.0,6.103515625e-05,0.05267333984375,5806,0.3543701171875,0
149.36566162109375,31.669872979965366,46,247,150.0,0.0001220703125,0.049072265625,5763,0.35174560546875,0
150.4090576171875,31.669252573822625,47,252,151.0,6.103515625e-05,0.0517578125,5805,0.35430908203125,0
151.53436279296875,31.449568475328828,49,250,152.0,6.103515625e-05,0.05633544921875,5752,0.35107421875,0
151.54693603515625,30.952860677455625,43,249,153.0,6.103515625e-05,0.05181884765625,5753,0.35113525390625,0
151.71466064453125,30.89764936427004,43,246,152.0,6.103515625e-05,0.051513671875,5625,0.34332275390625,0
162.5272216796875,28.222199508772654,65,252,164.0,0.0,0.08038330078125,4028,0.245849609375,0
147.8331298828125,28.125472844440587,34,253,145.0,0.00042724609375,0.05010986328125,5347,0.32635498046875,0
155.9337158203125,24.64032529861539,74,253,152.0,0.0,0.06048583984375,4924,0.300537109375,0
159.334228515625,23.625190874115823,78,252,156.0,0.0,0.0643310546875,4751,0.28997802734375,0
157.06256103515625,23.032183976221976,63,253,154.0,0.0,0.05181884765625,4674,0.2852783203125,0
155.9033203125,25.046201034111938,51,252,153.0,0.0,0.05804443359375,4950,0.3021240234375,0
157.9287109375,26.62481057184737,51,254,155.0,0.0,0.07568359375,5321,0.32476806640625,0
161.98052978515625,24.279471245026684,48,255,159.0,6.103515625e-05,0.073974609375,5105,0.31158447265625,0
149.6583251953125,27.071821188617267,48,254,146.0,6.103515625e-05,0.05364990234375,5254,0.3206787109375,0
150.9521484375,26.82475827509036,64,253,147.0,0.0,0.05584716796875,5295,0.32318115234375,0
150.2874755859375,27.93495250854523,37,254,146.0,0.00018310546875,0.06396484375,5616,0.3427734375,0
155.19189453125,25.29514340747056,66,253,152.0,0.0,0.0609130859375,5271,0.32171630859375,0
169.0699462890625,20.618337349449614,94,252,166.0,0.0,0.08001708984375,3770,0.2301025390625,0
169.362060546875,19.836105590865337,96,252,167.0,0.0,0.072998046875,3421,0.20880126953125,0
168.7589111328125,21.14778336829875,97,253,165.0,0.0,0.0899658203125,3960,0.24169921875,0
166.0675048828125,20.57385250647005,104,250,162.0,0.0,0.0718994140625,3564,0.217529296875,0
173.29144287109375,20.433293718958584,94,253,170.0,0.0,0.1053466796875,3568,0.2177734375,0
174.493408203125,18.157378286407813,114,253,172.0,0.0,0.08868408203125,2836,0.173095703125,0
170.54132080078125,18.03136174720618,108,250,168.0,0.0,0.06805419921875,2808,0.17138671875,0
172.80609130859375,19.102112006550566,106,252,170.0,0.0,0.0865478515625,2475,0.15106201171875,0
170.00030517578125,20.27414798621693,106,252,166.0,0.0,0.08544921875,3011,0.18377685546875,0
133.534912109375,31.52662335809798,34,254,129.0,0.00048828125,0.0379638671875,5732,0.349853515625,0
131.65106201171875,29.89417382218152,43,253,126.0,0.0001220703125,0.03411865234375,5559,0.33929443359375,0
142.8092041015625,28.103059554079508,56,254,139.0,0.0,0.0447998046875,5529,0.33746337890625,0
151.32586669921875,26.58307015752336,68,253,148.0,0.0,0.05255126953125,5627,0.34344482421875,0
158.10369873046875,29.20667867274248,70,254,156.0,0.0,0.08819580078125,5447,0.33245849609375,0
168.8377685546875,27.912533837256056,86,254,166.0,0.0,0.1424560546875,5255,0.32073974609375,0
167.8436279296875,22.20869280387471,97,253,165.0,0.0,0.08502197265625,3940,0.240478515625,0
170.777587890625,20.960213208276674,96,253,169.0,0.0,0.08929443359375,3508,0.214111328125,0
169.5799560546875,23.168702446294738,58,254,167.0,0.0,0.1007080078125,4370,0.2667236328125,0
167.104736328125,21.11443758752547,65,252,167.0,0.0,0.0538330078125,3951,0.24114990234375,0
165.1109619140625,20.232830948629385,74,250,165.0,0.0,0.0439453125,3341,0.20391845703125,0
129.5260009765625,19.253495211401688,59,249,129.0,0.0,0.00634765625,2946,0.1798095703125,0
171.68304443359375,20.54340668467362,89,251,171.0,0.0,0.0789794921875,3552,0.216796875,0
151.70343017578125,33.68858341183841,62,254,147.5,0.0,0.09490966796875,5941,0.36260986328125,0
156.700439453125,29.075041141587505,61,253,154.0,0.0,0.0811767578125,5594,0.3414306640625,0
155.9427490234375,27.94162692640557,39,252,154.0,0.0001220703125,0.0623779296875,5490,0.3350830078125,0
159.5006103515625,18.899979580494154,81,247,159.0,0.0,0.027099609375,3213,0.19610595703125,0
160.84393310546875,18.923752127664194,96,252,160.0,0.0,0.03326416015625,2964,0.180908203125,0
167.2957763671875,19.524190392465403,84,251,167.0,0.0,0.05023193359375,3316,0.202392578125,0
172.902099609375,18.816657178907082,95,250,173.0,0.0,0.0662841796875,2459,0.15008544921875,0
172.06005859375,18.784757664244147,91,250,172.0,0.0,0.06494140625,2173,0.13262939453125,0
167.6160888671875,18.820663068442958,89,249,167.0,0.0,0.04644775390625,2404,0.146728515625,0
169.8302001953125,20.79345508739807,70,252,170.0,0.0,0.06768798828125,2618,0.1597900390625,0
177.1859130859375,15.619174126277523,87,250,176.0,0.0,0.06927490234375,1215,0.07415771484375,0
180.845947265625,15.257928848799617,102,249,180.0,0.0,0.089599609375,1353,0.08258056640625,0
169.7930908203125,16.290882650632334,95,248,168.0,0.0,0.04620361328125,1748,0.106689453125,0
168.86029052734375,18.71325045238584,89,248,169.0,0.0,0.0465087890625,1714,0.1046142578125,0
162.7515869140625,19.35381742567981,80,247,162.0,0.0,0.03094482421875,2516,0.153564453125,0
161.573974609375,19.220976660221844,78,250,161.0,0.0,0.0269775390625,2448,0.1494140625,0
166.06640625,17.338709413223665,100,244,165.0,0.0,0.03375244140625,1416,0.08642578125,0
167.42681884765625,18.644563995686628,91,247,167.0,0.0,0.04547119140625,2130,0.1300048828125,0
164.673583984375,18.974872762017235,80,252,164.0,0.0,0.03558349609375,2598,0.1585693359375,0
165.33984375,17.591608977603453,91,246,164.0,0.0,0.03167724609375,1684,0.102783203125,0
172.88873291015625,17.466164556155036,101,252,172.0,0.0,0.0594482421875,1610,0.0982666015625,0
171.904052734375,17.858327784836312,89,248,172.0,0.0,0.05035400390625,2109,0.12872314453125,0
170.880859375,17.9257594374663,103,250,170.0,0.0,0.0491943359375,1700,0.103759765625,0
169.984619140625,19.474755989512165,91,245,170.0,0.0,0.05389404296875,2260,0.137939453125,0
166.256103515625,18.766040322553984,84,243,166.0,0.0,0.031494140625,2047,0.12493896484375,0
163.88604736328125,18.954329765184685,90,243,164.0,0.0,0.02764892578125,2260,0.137939453125,0
165.7061767578125,19.066193825824623,83,243,165.0,0.0,0.0355224609375,2215,0.13519287109375,0
173.81103515625,18.708236308225022,104,250,174.0,0.0,0.07440185546875,1920,0.1171875,0
172.40521240234375,18.634718513069377,89,249,173.0,0.0,0.06158447265625,2445,0.14923095703125,0
173.36822509765625,17.768465132040802,110,248,173.0,0.0,0.06329345703125,1575,0.09613037109375,0
160.53460693359375,18.701343733493385,75,244,161.0,0.0,0.02288818359375,3064,0.18701171875,0
160.3702392578125,18.357925688576227,86,248,160.0,0.0,0.02178955078125,3248,0.1982421875,0
161.05157470703125,18.46462421425937,79,247,161.0,0.0,0.0205078125,3208,0.19580078125,0
174.11968994140625,16.459490043786897,99,253,174.0,0.0,0.0546875,2340,0.142822265625,0
177.00677490234375,16.709328989881804,100,252,177.0,0.0,0.0794677734375,2168,0.13232421875,0
170.00396728515625,17.6949257375753,90,251,169.0,0.0,0.04803466796875,2648,0.16162109375,0
170.1456298828125,17.648329471884004,95,251,170.0,0.0,0.04638671875,2677,0.16339111328125,0
170.86627197265625,17.10808357335748,90,253,170.0,0.0,0.04742431640625,2301,0.14044189453125,0
170.8369140625,17.604927889224715,96,252,170.0,0.0,0.050537109375,2280,0.13916015625,0
167.0125732421875,17.482031459325054,88,246,167.0,0.0,0.0350341796875,2225,0.13580322265625,0
165.13671875,17.661648355457537,90,248,165.0,0.0,0.0302734375,2314,0.1412353515625,0
